Site_Code,Full_Site_Name,Tick_Sampled,Years_of_Tick_Sampling,Date_of_Tick_Samples,Soil_Sampled,Years_of_Soil_Samples,Date_of_Soil_Sample,date,tdmean,tmax,tmean,tmin,vpdmax,vpdmin,soil_tdmean,soil_tmax,soil_tmean,soil_tmin,soil_vpdmax,soil_vpdmin,prev_30_day_avg_tdmean,prev_30_day_avg_tmax,prev_30_day_avg_tmean,prev_30_day_avg_tmin,prev_30_day_avg_vpdmax,prev_30_day_avg_vpdmin,prev_year_avg_tdmean,prev_year_avg_tmax,prev_year_avg_tmean,prev_year_avg_tmin,prev_year_avg_vpdmax,prev_year_avg_vpdmin,prev_2years_avg_tdmean,prev_2years_avg_tmax,prev_2years_avg_tmean,prev_2years_avg_tmin,prev_2years_avg_vpdmax,prev_2years_avg_vpdmin,prev_5years_avg_tdmean,prev_5years_avg_tmax,prev_5years_avg_tmean,prev_5years_avg_tmin,prev_5years_avg_vpdmax,prev_5years_avg_vpdmin,soil_prev_30_day_avg_tdmean,soil_prev_30_day_avg_tmax,soil_prev_30_day_avg_tmean,soil_prev_30_day_avg_tmin,soil_prev_30_day_avg_vpdmax,soil_prev_30_day_avg_vpdmin,soil_prev_year_avg_tdmean,soil_prev_year_avg_tmax,soil_prev_year_avg_tmean,soil_prev_year_avg_tmin,soil_prev_year_avg_vpdmax,soil_prev_year_avg_vpdmin,soil_prev_2years_avg_tdmean,soil_prev_2years_avg_tmax,soil_prev_2years_avg_tmean,soil_prev_2years_avg_tmin,soil_prev_2years_avg_vpdmax,soil_prev_2years_avg_vpdmin,soil_prev_5years_avg_tdmean,soil_prev_5years_avg_tmax,soil_prev_5years_avg_tmean,soil_prev_5years_avg_tmin,soil_prev_5years_avg_vpdmax,soil_prev_5years_avg_vpdmin,summer_seasonal_avg_tdmean,summer_seasonal_avg_tmax,summer_seasonal_avg_tmean,summer_seasonal_avg_tmin,summer_seasonal_avg_vpdmax,summer_seasonal_avg_vpdmin,fall_seasonal_avg_tdmean,fall_seasonal_avg_tmax,fall_seasonal_avg_tmean,fall_seasonal_avg_tmin,fall_seasonal_avg_vpdmax,fall_seasonal_avg_vpdmin,spring_seasonal_avg_tdmean,spring_seasonal_avg_tmax,spring_seasonal_avg_tmean,spring_seasonal_avg_tmin,spring_seasonal_avg_vpdmax,spring_seasonal_avg_vpdmin,winter_seasonal_avg_tdmean,winter_seasonal_avg_tmax,winter_seasonal_avg_tmean,winter_seasonal_avg_tmin,winter_seasonal_avg_vpdmax,winter_seasonal_avg_vpdmin,soil_fall_seasonal_avg_tdmean,soil_fall_seasonal_avg_tmax,soil_fall_seasonal_avg_tmean,soil_fall_seasonal_avg_tmin,soil_fall_seasonal_avg_vpdmax,soil_fall_seasonal_avg_vpdmin,soil_summer_seasonal_avg_tdmean,soil_summer_seasonal_avg_tmax,soil_summer_seasonal_avg_tmean,soil_summer_seasonal_avg_tmin,soil_summer_seasonal_avg_vpdmax,soil_summer_seasonal_avg_vpdmin,soil_spring_seasonal_avg_tdmean,soil_spring_seasonal_avg_tmax,soil_spring_seasonal_avg_tmean,soil_spring_seasonal_avg_tmin,soil_spring_seasonal_avg_vpdmax,soil_spring_seasonal_avg_vpdmin,soil_winter_seasonal_avg_tdmean,soil_winter_seasonal_avg_tmax,soil_winter_seasonal_avg_tmean,soil_winter_seasonal_avg_tmin,soil_winter_seasonal_avg_vpdmax,soil_winter_seasonal_avg_vpdmin,max_snow_depth,number_snow_days,soil_number_snow_days,soil_max_snow_depth,ndvi_buff,ndvi_point,soil_ndvi_buff,soil_ndvi_point,latitude,longitude
CR17,Camp Ripley,Yes,2017,1/06/2017,Yes,2019,18/10/2019,1/06/2017,2.693000078,22.27700043,13.37400055,4.472000122,20.96299934,0.472000003,2.430999994,12.91699982,5.934400082,-1.047999978,7.548999786,0.128999993,10.87693336,24.9904,18.1953675,11.40136671,19.97399995,1.060366666,-0.160646563,10.75589588,4.740901562,-1.273901383,9.492435632,0.551873973,-0.020960271,10.06900822,4.349181789,-1.370509594,8.595468504,0.475319179,1.546117247,12.03446356,6.255945438,0.477671225,9.853598369,0.599216987,-5.67770002,3.48926669,-1.143776624,-5.776833334,4.562900039,0.480466661,1.080599998,12.36804657,6.494510727,0.621413684,10.9435041,0.752989041,-0.048800017,10.79257261,4.904093801,-0.984097269,9.935321927,0.668393151,0.852107931,11.27680438,5.597724832,-0.081025762,9.415829054,0.598854246,13.34041308,25.06618472,18.77458788,12.48407609,17.29246737,0.628282606,5.598890149,14.75459342,9.457967535,4.162065919,8.527120875,0.429461537,-0.844032572,11.49605433,5.534380676,-0.426684785,8.931760876,0.693315217,-10.69796666,-2.93431112,-7.840400349,-12.74722218,2.056811099,0.247422221,2.86017239,11.06809198,6.506782551,1.945528719,6.47745976,0.439425285,14.15030432,25.26227172,19.48541684,13.70867388,16.46697831,0.806706526,-2.214521782,8.782043489,2.843712806,-3.094793494,7.407847817,0.444826085,-14.47163329,-6.860755624,-12.25270049,-17.64553334,1.325155554,0.165477778,180.2454834,91,90,349.0925903,55.68758189,62.34889221,71.84400503,74.9095993,46.10728,-94.37419
CR19,Camp Ripley,Yes,2019,16/05/2019,Yes,2019,18/10/2019,16/05/2019,4.291999817,23.6970005,16.70199966,9.706999779,23.7840004,0.640999973,2.430999994,12.91699982,5.934400082,-1.047999978,7.548999786,0.128999993,7.595699962,21.23323325,14.78649301,8.339866624,16.51550004,0.986133338,9.59385751,21.26229316,15.34439114,9.426994526,15.23009315,0.831487672,5.320895882,16.7596863,10.76402313,4.768776706,12.7674411,0.730946576,3.135718343,14.18446247,8.368556829,2.553031776,11.06714851,0.685172056,-5.67770002,3.48926669,-1.143776624,-5.776833334,4.562900039,0.480466661,2.22459451,14.00243563,7.882220379,1.762430147,11.97733425,0.707964384,1.12072877,12.47870548,6.406510314,0.334649326,10.89591781,0.675179453,1.932130946,12.8678011,7.088327616,1.309236163,10.40240056,0.662778083,15.43961953,25.79232618,20.1021857,14.41297825,15.8254131,0.620304351,1.418384637,9.462637374,4.793340859,0.124472573,6.079439541,0.358945055,-2.214521782,8.782043489,2.843712806,-3.094793494,7.407847817,0.444826085,-14.47163329,-6.860755624,-12.25270049,-17.64553334,1.325155554,0.165477778,2.86017239,11.06809198,6.506782551,1.945528719,6.47745976,0.439425285,14.15030432,25.26227172,19.48541684,13.70867388,16.46697831,0.806706526,-2.214521782,8.782043489,2.843712806,-3.094793494,7.407847817,0.444826085,-14.47163329,-6.860755624,-12.25270049,-17.64553334,1.325155554,0.165477778,349.0925903,90,90,349.0925903,71.84400503,74.9095993,71.84400503,74.9095993,46.10728,-94.37419
CA17,Carlos Avery State Wildlife Management Area,Yes,2017,21/04/2017,Yes,2019,19/10/2019,21/04/2017,2.407000065,9.520999908,4.351000309,-0.816999972,4.623000145,0.035999998,5.752999783,19.75499916,12.72889996,5.703000069,14.34200001,1.404999971,3.189299975,17.54249986,11.18526724,4.829099987,13.6265999,1.181866661,0.782909559,11.86418631,5.854057841,-0.155816439,10.08628217,0.519679451,1.233469842,11.97367536,6.13178193,0.290119195,10.01837396,0.543382191,2.533734793,13.60372658,7.701598814,1.799749054,11.0196104,0.628826301,-5.267833342,4.886666636,0.075550008,-4.735566657,5.343999982,0.514799998,2.278178067,13.98134519,7.936880391,1.892835611,11.8164301,0.709799998,1.180947956,12.41363835,6.436353999,0.459408231,10.71783013,0.677647945,1.992578651,12.77470355,7.101838246,1.42937316,10.20393862,0.665507945,15.84826084,27.26427172,21.21780532,15.17220652,18.82209788,0.782543478,6.684999977,16.80426377,11.16626425,5.529175832,10.15701096,0.535978022,0.126847836,12.85776082,6.9391199,1.02122828,9.740260873,0.84025,-9.304055596,-1.039311113,-5.670322517,-10.30193331,2.659255548,0.359122221,3.758172431,12.62096553,7.880012399,3.13911495,7.621275833,0.418149424,14.85210874,26.61268481,20.40472773,14.19686953,18.59240227,0.627097828,-1.182880431,10.88026092,4.573340047,-1.733608713,8.971445602,0.45977174,-11.97955555,-4.225100001,-9.127078196,-14.02994445,1.699422222,0.212288888,250.5424652,91,85,428.8458557,57.4763142,55.02991104,66.7539691,72.65583038,45.35073,-93.0312
TSA17,Chippewa Moraine State Rec Area,Yes,2017,28/03/2017,Yes,2019,4/10/2019,28/03/2017,0.442999989,10.07199955,3.688000202,-2.694000006,5.525000095,0.061000001,4.407999992,10.51099968,7.544399738,4.578000069,4.06099987,0.150000006,1.585733367,13.99753335,7.855000377,1.713466645,9.472833248,0.592033331,1.013917811,11.36435347,5.613419451,-0.137273964,8.884224658,0.477024658,0.980735616,11.01938084,5.423761901,-0.17162465,8.733332878,0.451108219,2.614505752,13.60240056,7.746085605,1.890101922,10.77799343,0.680006027,1.083899987,9.815700026,5.36659985,0.917566678,6.013233284,0.432999995,3.466832886,15.92044931,9.667906436,3.415923297,13.81727673,0.98840548,2.628506865,14.31191371,8.222783494,2.134116441,12.07630276,0.840426026,3.086956165,14.29596165,8.40569555,2.515901374,11.2773633,0.780079999,15.31659782,25.77592381,20.02552265,14.27616308,15.95740217,0.568380435,6.485197822,15.8075165,10.45890158,5.111164855,8.925791219,0.376340661,-0.252858666,11.51184784,5.952239413,0.393369531,8.396739111,0.657358696,-9.61355557,-2.096655534,-6.496933639,-10.8977778,2.192277774,0.283777779,3.400264332,11.57965516,7.141126203,2.702655153,6.673655163,0.370287354,13.93252171,25.28904351,19.30541798,13.32189129,16.43780441,0.700728261,-1.926760848,9.623500013,3.630600897,-2.362326093,7.858423889,0.474793478,-11.85352226,-4.614899977,-9.17354485,-13.73304441,1.50028889,0.232722222,258.784729,86,82,332.6502075,58.88586369,58.50631714,77.24621008,79.75563049,45.21141,-91.38059
CNF17,Chippewa National Forrest,Yes,2017,22/04/2017,Yes,2019,18/10/2019,22/04/2017,-0.474000007,17.27099991,8.377000809,-0.514999986,14.87899971,0.187000006,2.069999933,11.5170002,5.38049984,-0.755999982,6.453999996,0.050000001,-0.318333335,13.83396685,7.604233669,1.37523334,10.78500001,0.910533336,-1.931032862,8.441243853,2.532131628,-3.376879461,7.641473982,0.436153424,-1.395624653,8.609630147,2.839332873,-2.93084521,7.682135632,0.419020548,-0.006536444,10.56310521,4.492172228,-1.578568221,9.06393425,0.450907945,-6.607866649,1.592433363,-2.707569909,-7.007599991,3.851766662,0.433933329,-0.258780854,11.00260822,4.852686282,-1.296920545,10.26255887,0.578142467,-1.395758918,9.493062998,3.166910299,-3.15902876,9.258831484,0.461358904,-0.533391234,10.04945807,3.878411373,-2.292359463,8.917208764,0.40862959,13.69502179,23.92478255,18.27638133,12.6290978,14.04507604,0.669021741,4.836516483,13.40169228,8.438099289,3.475428556,7.3013187,0.451868132,-3.014587013,9.659815248,3.39526099,-2.868804334,8.023728288,0.551347827,-12.61818883,-4.808622181,-9.92424496,-15.04067775,1.770544451,0.222211112,1.868620676,8.911229939,4.757713688,0.604241363,4.971586212,0.336908042,12.63204347,23.98965224,17.79352449,11.5974891,15.36565219,0.568706523,-3.582880414,7.960315269,1.782289995,-4.395956531,7.113478283,0.33553261,-15.5703445,-7.717322231,-13.49545619,-19.2744778,1.267133326,0.144944443,312.9273071,91,90,552.4616089,63.395541,61.94200134,81.16944629,75.70272064,47.49541,-93.65031
C17,Clayton County,Yes,2017,9/04/2017,Yes,2019,27/09/2019,9/04/2017,6.665999889,23.89100075,15.06200027,6.232999802,19.57900047,3.621000051,8.805999756,21.06999969,14.61339951,8.156999588,15.76900005,0.233999997,4.50903337,16.66063339,10.29550041,3.931166639,11.29486675,0.673466674,3.154208224,13.33414523,7.307718128,1.281646559,10.1180493,0.422172604,3.532853417,13.06563016,7.255124561,1.444910954,9.521817795,0.355420548,2.970935887,13.32351233,7.357395924,1.391558899,10.09161698,0.482937535,6.257233296,15.28289998,9.592986451,3.903166633,7.873333367,0.264666666,2.584556162,14.00192875,7.869449087,1.737419176,11.03636163,0.627517809,0.91414385,11.86805752,5.833378062,-0.200989049,9.912469868,0.618091782,0.960701367,11.50607779,5.746510279,-0.012699187,9.269128227,0.575472878,17.28259785,27.20810872,21.35719665,15.50719566,16.10388046,0.325956519,8.126999994,18.25254948,12.00933024,5.766999958,10.72056044,0.216714287,2.764619562,13.661587,7.860772049,2.060543491,9.262847853,0.600130436,-6.678066682,-0.422111123,-4.653389112,-8.885122189,2.142533318,0.166333334,5.858137947,13.96195402,8.405164115,2.848436764,7.164195419,0.181126437,16.71245646,26.80180429,20.73878418,14.67588039,15.94833702,0.187673911,2.021184778,11.71748914,5.839909558,-0.03769569,7.806836917,0.296510869,-9.118966699,-2.681255513,-7.618122625,-12.55565551,1.465922222,0.143055555,231.0738678,76,79,186.0124359,60.2795812,51.36685181,65.92791738,56.43603897,42.67699,-91.59584
KF17,Curt's Farm,Yes,2017,6/04/2017,No,NA,NA,6/04/2017,-5.131999969,12.20899963,6.131000519,0.055,10.75,1.958999991,NA,NA,NA,NA,NA,NA,1.706400004,14.20693334,8.427533734,2.649133324,9.99059997,0.795466663,1.221358909,12.23495343,6.299044172,0.363441083,10.11088769,0.54230685,1.336078093,12.00663288,6.248972635,0.491584919,9.93519999,0.563939726,2.455143021,13.48023178,7.622295527,1.764647124,10.87707013,0.6336,NA,NA,NA,NA,NA,NA,NA,NA,NA,NA,NA,NA,NA,NA,NA,NA,NA,NA,NA,NA,NA,NA,NA,NA,15.93394572,27.15684777,21.21066406,15.26541309,18.44248915,0.764250001,6.719153881,16.65862633,11.13004449,5.602494489,9.91645062,0.549868131,0.158467357,12.72718476,6.929141663,1.131913032,9.565434797,0.859543481,-9.233555496,-1.132888867,-5.631822495,-10.13124448,2.598333349,0.368066666,NA,NA,NA,NA,NA,NA,NA,NA,NA,NA,NA,NA,NA,NA,NA,NA,NA,NA,NA,NA,NA,NA,NA,NA,289.7142334,91,NA,NA,56.21756075,57.4834137,NA,NA,45.31014,-93.03169
KF19,Curt's Farm,Yes,2019,29/04/2019,No,NA,NA,29/04/2019,-2.078999996,13.14799976,7.082900047,1.018000007,10.93599987,0.56099999,NA,NA,NA,NA,NA,NA,4.160866625,16.48773333,10.65452315,4.821399997,11.84893339,0.567866667,9.196682189,20.88755621,14.90484971,8.922608208,14.77454795,0.651578081,4.505983552,15.895237,9.801241412,3.707602724,12.22290136,0.578341096,2.389609861,13.10454246,7.225989322,1.347819163,10.23631561,0.51481096,NA,NA,NA,NA,NA,NA,NA,NA,NA,NA,NA,NA,NA,NA,NA,NA,NA,NA,NA,NA,NA,NA,NA,NA,16.26034786,27.2469239,21.2794249,15.31293476,18.02022815,0.714804349,2.54143957,11.44026376,6.674791509,1.909736267,7.422241761,0.505604394,-1.112369576,10.86131523,4.641329156,-1.578663008,8.905021733,0.461586957,-11.89938886,-4.213055558,-9.044322679,-13.87640008,1.686988884,0.210666667,NA,NA,NA,NA,NA,NA,NA,NA,NA,NA,NA,NA,NA,NA,NA,NA,NA,NA,NA,NA,NA,NA,NA,NA,406.3850708,85,NA,NA,69.09987641,73.58185577,NA,NA,45.31014,-93.03169
GMW19,Gordie Mikkelson WMA,Yes,2019,26/04/2019,Yes,2019,19/10/2019,26/04/2019,-2.02699995,21.79500008,13.0739994,4.353000164,22.08200073,2.709000111,5.754000187,19.56599998,12.56589985,5.565999985,14.07299995,1.360000014,2.770766657,16.02553339,10.02201637,4.018566676,12.05683335,0.79500001,7.914449327,19.20067944,13.64272934,8.085213712,13.0478082,0.96811507,3.009330143,13.80371916,8.438652401,3.073900002,10.01205889,0.927134247,1.087009863,11.25367671,6.120339453,0.987327127,8.311412046,1.006980823,-5.336233294,4.857166682,-0.007393348,-4.871966662,5.349333286,0.535566668,-0.132197263,10.56447123,5.352122157,0.140169857,8.564430135,0.971482193,-1.527626031,8.849936974,3.67275836,-1.50416027,7.500520542,0.910738357,-0.100000005,9.824388492,4.806470635,-0.211112874,7.410261364,1.032083289,16.11097821,27.08775008,21.05228365,15.01783699,17.7917826,0.669652181,2.380274712,11.30648352,6.513648655,1.721406565,7.350505507,0.551835159,-1.287358672,10.57546741,4.309891079,-1.955684817,8.695913046,0.495630437,-12.11938888,-4.517922172,-9.389655927,-14.26222225,1.640466664,0.220333334,3.615471308,12.50795401,7.771914745,3.035931037,7.598862053,0.493678161,14.70214134,26.30884782,20.22621574,14.1436848,18.17429344,0.762358692,-1.287358672,10.57546741,4.309891079,-1.955684817,8.695913046,0.495630437,-12.11938888,-4.517922172,-9.389655927,-14.26222225,1.640466664,0.220333334,382.6778259,85,85,382.6778259,73.985875,76.67893219,73.985875,76.67893219,45.37001,-93.11268
HI18,Higinbotham State Wildlife Management  Area,Yes,2018,13/06/2018,No,NA,NA,13/06/2018,9.762000084,21.41699982,15.35300064,9.289999962,14.15100002,0.531000018,NA,NA,NA,NA,NA,NA,15.66026669,26.78013344,21.06610082,15.35289996,17.06106669,1.152866664,-1.290690417,8.03483286,2.636642159,-2.761528767,8.071046561,0.554452054,NA,NA,NA,NA,NA,NA,NA,NA,NA,NA,NA,NA,NA,NA,NA,NA,NA,NA,NA,NA,NA,NA,NA,NA,NA,NA,NA,NA,NA,NA,NA,NA,NA,NA,NA,NA,14.16539133,25.86877172,19.70842472,13.54905435,17.54883687,0.849315217,1.208846143,11.33581318,5.763901346,0.192351637,8.381197775,0.637813186,-2.565380416,9.922336908,4.007750204,-1.906706542,9.61491302,0.97171739,-16.46878886,-9.113111097,-14.0719118,-19.03167777,0.982288889,0.197666666,NA,NA,NA,NA,NA,NA,NA,NA,NA,NA,NA,NA,NA,NA,NA,NA,NA,NA,NA,NA,NA,NA,NA,NA,377.9865417,90,NA,NA,56.2062493,59.67935944,NA,NA,47.9982,-96.28737
IS17,Itasca State Park,Yes,2017,20/06/2017,Yes,2019,16/11/2019,20/06/2017,8.022000313,21.03300095,14.9100008,8.786999702,15.81400013,0.248999998,-9.440999985,0.485000014,-5.661399841,-11.80799961,3.437999964,0.256000012,12.17746673,24.15919991,17.31130079,10.46446672,16.35596671,0.460466665,-1.482158902,9.595509605,3.030531647,-3.534361638,8.881720547,0.397616439,-1.466801365,8.946386316,2.629687033,-3.686938365,8.398905482,0.33901096,0.108203834,10.76536768,4.457687347,-1.849791233,9.343040546,0.404922192,-2.896966718,8.301533318,2.658683528,-2.983533356,6.955166672,0.463300002,-0.769457556,10.65758904,4.259023502,-2.139295884,10.15067394,0.56111507,-1.814057548,9.198119159,2.732354243,-3.733223283,9.198606827,0.452409589,-0.602723838,10.02576821,3.812633887,-2.400233982,8.909083284,0.405927124,12.45442391,24.76530434,17.66284866,10.56136955,17.47334782,0.376250001,4.607417574,13.21249453,7.928055266,2.644373605,7.382087927,0.330351649,-2.826826113,10.51821743,3.643130584,-3.231489087,8.964989109,0.54430435,-13.11486662,-4.97193337,-10.53717828,-16.10308899,1.706200014,0.180311112,1.721678181,9.07931034,4.512524036,-0.054218379,5.410241405,0.288482758,12.88835871,24.61395671,18.11884517,11.62381525,16.72080431,0.569086955,-3.43243477,8.113836937,1.244780246,-5.624456549,7.437163078,0.249902173,-16.08001111,-8.065544397,-14.02685633,-19.98900001,1.254077777,0.145277779,427.03479,91,90,477.9521179,59.70226467,60.42724228,79.05893709,81.62776184,47.19567,-95.2576
IS19,Itasca State Park,Yes,2019,13/06/2019,Yes,2019,16/11/2019,13/06/2019,1.636000037,16.85700035,9.767499924,2.677999973,13.23499966,0.43599999,-9.440999985,0.485000014,-5.661399841,-11.80799961,3.437999964,0.256000012,12.9567,24.07926683,18.07961604,12.08003338,15.57939994,0.618766671,7.928920558,19.67354251,13.56676356,7.460558904,14.33929862,0.772594521,4.164515061,15.13665072,9.217225729,3.298184932,11.72148083,0.684817808,2.073168755,12.59115178,6.857032375,1.123269033,10.02970631,0.602846575,-2.242133309,9.161233205,3.725250221,-1.710166645,7.408066692,0.609066662,0.61398904,11.85333972,5.87497152,-0.10302194,10.73887396,0.731219179,-0.432582212,10.4303822,4.46886118,-1.492412335,9.832823295,0.658646576,0.807957248,11.25381862,5.550430145,-0.152633981,9.40491782,0.596368767,12.88835871,24.61395671,18.11884517,11.62381525,16.72080431,0.569086955,0.036285715,7.549098899,2.889066079,-1.770549467,5.436274725,0.243505495,-3.43243477,8.113836937,1.244780246,-5.624456549,7.437163078,0.249902173,-16.08001111,-8.065544397,-14.02685633,-19.98900001,1.254077777,0.145277779,1.721678181,9.07931034,4.512524036,-0.054218379,5.410241405,0.288482758,12.88835871,24.61395671,18.11884517,11.62381525,16.72080431,0.569086955,-3.43243477,8.113836937,1.244780246,-5.624456549,7.437163078,0.249902173,-16.08001111,-8.065544397,-14.02685633,-19.98900001,1.254077777,0.145277779,477.9521179,90,90,477.9521179,79.05893709,81.62776184,79.05893709,81.62776184,47.19567,-95.2576
LC19,Lake County,Yes,2019,4/06/2019,No,NA,NA,4/06/2019,2.592999935,14.03600025,9.029999733,4.024000168,7.44299984,1.004999995,NA,NA,NA,NA,NA,NA,9.43320001,20.6293335,14.97627964,9.323299996,11.87090001,1.659400006,7.013556147,19.37507673,13.40303038,7.431523276,13.67078905,1.394608221,3.03677534,13.98429589,8.278868685,2.57377259,10.86835616,1.014772604,0.938896428,11.22740382,5.724810602,0.222528218,9.16312766,0.795533152,NA,NA,NA,NA,NA,NA,NA,NA,NA,NA,NA,NA,NA,NA,NA,NA,NA,NA,NA,NA,NA,NA,NA,NA,11.59602176,22.91753267,17.04194955,11.16645653,13.4765761,1.760369568,0.490615352,8.186670342,4.159989191,0.133868111,4.852494514,0.91931868,-3.868456481,6.968728249,1.683309584,-3.602141323,5.888076127,0.826271734,-14.21492217,-5.803322217,-10.75647829,-15.71073339,1.488166663,0.369399999,NA,NA,NA,NA,NA,NA,NA,NA,NA,NA,NA,NA,NA,NA,NA,NA,NA,NA,NA,NA,NA,NA,NA,NA,477.5284119,90,NA,NA,69.39852959,53.15402985,NA,NA,47.04312,-91.70883
SC18,St Croix State Park,Yes,2018,27/06/2018,Yes,2019,19/10/2019,27/06/2018,14.89599991,20.79100037,17.04700089,13.30300045,5.717000008,0.389999986,5.458000183,17.97500038,11.40149975,4.828000069,11.86200047,1.162999988,16.83699989,27.40470009,21.50573425,15.60773325,17.36236668,0.535966669,0.379835624,10.18156714,4.636472635,-0.908534248,8.298473996,0.413413697,4.33018492,15.1427055,9.256274664,3.370183552,11.32084932,0.512409589,1.811159447,12.40608602,6.515079864,0.624410395,9.813185197,0.492764932,-5.547866711,3.682333329,-0.836006575,-5.354366661,4.616766667,0.427499998,1.321769853,12.70283564,6.57739239,0.452347943,10.94601915,0.547139726,0.21051779,11.1932726,5.06946067,-1.054020566,9.981550668,0.51800274,1.141219723,11.6113041,5.797261155,-0.01638138,9.364374782,0.489650412,15.05992388,26.02658695,19.8846749,13.74378258,16.41767404,0.55578261,3.602681266,13.36556047,7.55289047,1.740626384,8.620714241,0.306362637,-2.257000004,11.46763048,4.765924124,-1.935652171,10.66043476,0.785391301,-14.25449991,-5.402799941,-11.24194497,-17.08197774,1.913211121,0.219088889,3.084206863,11.30150574,6.739550401,2.177655134,6.561103461,0.36232184,13.65782606,25.41818482,19.12311137,12.82813042,17.15195655,0.690163043,-2.160228254,9.485934772,3.347882377,-2.790260836,7.857065256,0.419858696,-12.6439333,-5.134322201,-10.22300049,-15.31252223,1.497544441,0.182244443,251.6097107,90,90,434.7766724,60.78306659,59.42393875,66.2279314,66.44380951,45.95399,-92.73269
SC19,St Croix State Park,Yes,2019,10/06/2019,Yes,2019,19/10/2019,10/06/2019,10.17000008,22.57600021,14.51599979,6.455999851,11.56599998,0.280999988,5.458000183,17.97500038,11.40149975,4.828000069,11.86200047,1.162999988,12.97703328,24.49883353,18.58166612,12.66456665,16.09336663,0.763566666,9.016309577,21.06863562,15.23249341,9.396950682,15.49328219,1.149112328,5.752297249,16.51025614,11.05001673,5.590271234,12.20176302,0.960417808,3.867076706,13.81403396,8.573650177,3.333713439,10.16127616,0.771199452,-5.547866711,3.682333329,-0.836006575,-5.354366661,4.616766667,0.427499998,2.532572591,13.98359451,8.385576026,2.788054824,11.9257178,1.111994519,1.779278064,12.23350271,6.82937992,1.425683573,10.28295206,0.923260274,2.709786847,12.45901533,7.303579034,2.148574264,9.46257424,0.754596712,13.65782606,25.41818482,19.12311137,12.82813042,17.15195655,0.690163043,1.832538478,10.19059337,5.594395871,0.998736275,6.487318623,0.44485714,-2.160228254,9.485934772,3.347882377,-2.790260836,7.857065256,0.419858696,-12.6439333,-5.134322201,-10.22300049,-15.31252223,1.497544441,0.182244443,3.084206863,11.30150574,6.739550401,2.177655134,6.561103461,0.36232184,13.65782606,25.41818482,19.12311137,12.82813042,17.15195655,0.690163043,-2.160228254,9.485934772,3.347882377,-2.790260836,7.857065256,0.419858696,-12.6439333,-5.134322201,-10.22300049,-15.31252223,1.497544441,0.182244443,434.7766724,90,90,434.7766724,66.2279314,66.44380951,66.2279314,66.44380951,45.95399,-92.73269
TH17,Towe Hill Bottoms State Natural Area,Yes,2017,28/04/2017,Yes,2019,27/09/2019,28/04/2017,0.136999995,6.460999966,3.544000149,0.628000021,2.887000084,0.344999999,8.241000175,21.27599907,15.81089973,10.34599972,15.92300034,1.657999992,6.384533384,17.88306646,12.24826724,6.61456664,11.59473337,0.791199996,2.571019185,13.43206846,7.53938936,1.647167119,10.23110409,0.523410957,3.178916436,13.53612054,7.813544856,2.091361651,9.949887658,0.49439178,3.496094796,14.22843013,8.377678221,2.527272894,10.77123122,0.613681645,5.907733383,15.94570011,10.03958644,4.133566644,9.010566644,0.228533334,3.460583592,15.10818078,8.956896241,2.806112371,11.96801642,0.706715071,2.000753443,13.04247257,7.05771947,1.073321946,10.70403835,0.680886303,2.105736453,12.81622025,7.085000861,1.354202744,10.11476548,0.68299233,16.90772824,27.67591296,21.80772936,15.94053263,17.85578256,0.622119562,8.053351651,18.47157151,12.4614291,6.452131862,10.85357142,0.463230769,2.109771752,14.0446086,8.213935175,2.384010849,9.694608675,0.786499999,-7.366033319,0.691522215,-3.674322374,-8.040455544,2.944366671,0.378566667,5.195114944,14.22939085,8.872000896,3.514666704,8.237942512,0.314977012,16.04148905,26.84400003,20.97674622,15.109587,17.02817389,0.628293475,0.869836966,12.25627171,6.4831139,0.710141336,8.644869563,0.646043479,-9.199222244,-1.465711088,-6.62304473,-11.78108884,1.990566667,0.235966666,206.1012115,66,75,166.6076355,53.40902153,55.37267685,58.3610781,65.18235779,43.16581,-90.04027
T17,Trego,Yes,2017,15/05/2017,Yes,2019,15/05/2019,15/05/2017,3.687000036,24.18899918,17.05200005,9.916000366,20.76499939,5.132999897,5.985000134,22.68300056,14.17149925,5.659999847,19.25399971,0.453000009,8.200000048,21.39986677,14.97240082,8.545766675,16.12929993,0.941966667,-0.434468481,10.33255341,4.33760294,-1.657158894,8.748799996,0.500912328,0.080947962,10.34608083,4.597993058,-1.149926024,8.55502328,0.495526026,1.406377547,12.14270028,6.262832503,0.383213151,9.791447121,0.591117261,6.955433377,21.09646683,14.1603429,7.224299944,16.30736672,0.930766655,8.528621931,20.43422466,14.39233222,8.350920532,14.56560274,0.825827398,4.155538374,15.56180958,9.533418275,3.505390409,11.8578274,0.710952056,1.912591238,12.6663167,6.877324161,1.088675059,9.973270145,0.616367125,14.43354347,25.35268481,19.47700086,13.60233696,16.12241303,0.699782613,5.810626347,15.14053842,9.740879562,4.342131901,8.609956059,0.411219783,-1.4610326,10.96526082,4.969641542,-1.025391313,8.446619557,0.622195654,-10.51844451,-2.479622224,-7.095133721,-11.7112778,2.286133324,0.301766665,1.913681303,9.642296749,5.244033193,0.846175849,5.828439557,0.388153847,14.71228262,25.78688051,19.70475086,13.62353264,16.32402172,0.756630433,-2.687369526,9.314010861,3.093640014,-3.126750029,7.909913068,0.436076086,-12.65305551,-5.200088854,-10.17124496,-15.14326673,1.496866661,0.209955554,368.5039063,90,90,453.3144226,52.58167692,53.9225769,70.89339239,78.04911041,45.94043,-91.80924
T19,Trego,Yes,2019,15/05/2019,Yes,2019,15/05/2019,15/05/2019,5.985000134,22.68300056,14.17149925,5.659999847,19.25399971,0.453000009,5.985000134,22.68300056,14.17149925,5.659999847,19.25399971,0.453000009,6.955433377,21.09646683,14.1603429,7.224299944,16.30736672,0.930766655,8.815200012,20.74268767,14.64508564,8.547999986,14.99698358,0.733430138,4.803313712,15.98163287,10.03661692,4.092024647,12.15633563,0.625664385,2.675507398,13.12594847,7.428469393,1.73136658,10.04765534,0.53748822,6.955433377,21.09646683,14.1603429,7.224299944,16.30736672,0.930766655,8.815200012,20.74268767,14.64508564,8.547999986,14.99698358,0.733430138,4.803313712,15.98163287,10.03661692,4.092024647,12.15633563,0.625664385,2.675507398,13.12594847,7.428469393,1.73136658,10.04765534,0.53748822,14.71228262,25.78688051,19.70475086,13.62353264,16.32402172,0.756630433,1.913681303,9.642296749,5.244033193,0.846175849,5.828439557,0.388153847,-2.687369526,9.314010861,3.093640014,-3.126750029,7.909913068,0.436076086,-12.65305551,-5.200088854,-10.17124496,-15.14326673,1.496866661,0.209955554,1.913681303,9.642296749,5.244033193,0.846175849,5.828439557,0.388153847,14.71228262,25.78688051,19.70475086,13.62353264,16.32402172,0.756630433,-2.687369526,9.314010861,3.093640014,-3.126750029,7.909913068,0.436076086,-12.65305551,-5.200088854,-10.17124496,-15.14326673,1.496866661,0.209955554,453.3144226,90,90,453.3144226,70.89339239,78.04911041,70.89339239,78.04911041,45.94043,-91.80924
RDWB17,Wet Bank Rec Area,Yes,2017,8/04/2017,Yes,2019,27/09/2019,8/04/2017,-4.875999928,14.15499973,5.958000183,-2.236999989,12.46000004,1.029999971,8.18900013,20.67399979,14.45049953,8.227000237,15.68799973,0.791000009,3.557166664,14.98780007,9.412167086,3.83753334,9.679566681,0.767033334,2.40829042,12.42949593,6.86026058,1.29136713,9.313087664,0.583745207,2.628876725,12.06853013,6.701095527,1.333972595,8.806673974,0.502846576,3.792578083,14.03196384,8.529353276,3.027094793,10.48524658,0.731666848,5.410466643,14.1563333,9.284709734,4.413199956,7.582066675,0.525599999,4.430572615,16.15764658,10.29928432,4.441501384,13.13227669,1.059438351,3.389561639,14.21911917,8.60760261,2.996520558,11.38530136,0.906884928,3.538960553,13.89704164,8.515246755,3.133930411,10.5671611,0.802896437,16.66408697,26.42379352,21.02014226,15.61745656,15.51039134,0.586586955,7.589054973,16.86467033,11.32889068,5.794109891,9.350549447,0.345824177,1.687054347,12.25386959,7.041022057,1.828880431,8.250141336,0.707478264,-7.811977766,-0.949499983,-5.153600266,-9.358333355,2.132177779,0.263022222,4.802264328,12.85149426,8.115325041,3.379218398,7.115471296,0.451172414,15.57113042,26.02969564,20.3893614,14.74911956,15.87254351,0.723434782,0.51532607,10.62248915,5.223832411,-0.17482607,7.630250002,0.506663042,-10.3556222,-3.595377742,-8.490067056,-13.3856222,1.461177777,0.171755556,351.0482178,81,80,299.5472412,60.1582654,62.82296753,64.3632336,69.61649323,43.73793,-91.64205
WW18,Whitewater State Park,Yes,2018,7/04/2018,Yes,2019,2/11/2019,7/04/2018,-14.72999954,-4.967000008,-7.754000187,-10.54199982,2.503999949,0.577000022,-1.200000048,4.518000126,2.067499876,-0.382999986,3.180999994,0.358999997,-0.92910003,10.79173337,5.298100322,-0.195233287,9.275566584,0.790033339,2.550150701,11.33573423,6.466177848,1.596898673,8.440402724,0.560663014,5.878843843,15.86137395,10.73221952,5.603413722,11.29143835,0.847634248,3.381260828,13.31797423,7.963204705,2.608770421,9.939364939,0.702644384,-3.341799998,3.78909997,-0.260743222,-4.310399996,3.528233323,0.375500004,2.561071223,13.80629316,8.025862594,2.245879458,11.65754248,0.94831507,1.752057548,12.20652189,6.570249245,0.934308227,10.1838096,0.781223288,2.845774801,12.69836163,7.276308143,1.854664111,9.518563848,0.638121644,14.61148915,25.70570653,20.15005528,14.59543472,16.88593482,1.006434776,4.907923079,14.77279119,9.457110386,4.142153845,9.647538459,0.632472527,0.406336978,11.34158691,6.026956846,0.712684798,9.392771709,0.746434784,-11.4751889,-4.129444509,-9.092133771,-14.05554449,1.882377777,0.222844444,4.500000003,12.7181149,8.248310132,3.77857478,7.432712625,0.591287354,15.10623912,25.82081507,20.52213206,15.22356518,16.12056523,1.090413044,0.371369568,10.10304351,5.05167264,0.000304324,7.263728301,0.58379348,-10.56789997,-4.15941109,-8.582111491,-13.00567774,1.33465555,0.205555557,285.512146,87,85,332.1661987,60.71029794,60.21946335,71.46317204,66.44999695,44.056946,-92.049376
YR17,Yellow River State Park,Yes,2017,29/04/2017,Yes,2019,27/09/2019,29/04/2017,1.361999989,8.218000412,3.941000223,-0.335000008,4.677000046,0.588,8.180999756,21.38599968,15.71700001,10.04800034,16.84000015,1.49000001,6.941599981,18.22700019,12.95206722,7.677999976,12.00403338,0.994899995,2.584054765,13.16472333,7.681052395,2.197830124,10.24244658,0.721613698,3.272805483,13.1423329,7.874392936,2.606808216,9.719569867,0.635323288,4.279792328,14.71457314,8.994281316,3.274356716,11.01915453,0.66989589,6.069299952,15.03030006,10.30334319,5.576466707,7.768833323,0.633899993,4.143421888,16.42490139,9.979193832,3.533989058,13.66327397,0.926443834,3.220035609,14.34730135,8.197397061,2.047900018,11.69633562,0.738313698,3.62007507,13.8665178,7.938379863,2.010667399,10.44388384,0.52239178,17.08048918,27.27330438,21.93406624,16.59585872,16.94950008,0.750891305,8.14376926,18.16517588,12.83973684,7.515252732,10.6865604,0.595098901,2.379815195,13.53116317,8.266793832,3.003141268,9.242391287,0.868695647,-6.962788919,0.076911112,-3.948555753,-7.97425561,2.476811114,0.306677778,5.532436756,13.68054024,9.070866491,4.461252887,7.290275855,0.509333331,16.51529351,26.69170651,21.26943744,15.84727173,16.1045,0.756923912,1.352358688,11.66884778,6.392414981,1.116010863,7.983337004,0.624173911,-8.985588852,-2.217299973,-6.72273363,-11.22909992,1.664455557,0.255233333,246.9473572,73,82,163.8632507,57.86813301,56.59786224,62.58525175,64.72346497,43.17827,-91.2403
